Version beta V 0.4.3_d;;;;;04/08/23;;;;;
;;;;;;;;;;
Petite mise en place de correction des erreurs;'Corrections de bugs, tentative de prise en charge des erreurs d''encodage'; Encodage AINSI;;;;;;;;
'Rajout du traitement d'un deuxieme capteur (MacCaffrey veine inox), comme capteur de references. Il doit etre en colonne K (10) pour etre traite. Il doit etre identifier comme le premier capteur, avoir son nom dans la premiere cellule de chaque capteurs (voir models).';;;;;;;;;;
;Le nom du deuxieme capteur (capteur de ref), sera le titre de laxes Y secondaire.;;;;;;;;;
'Debut d extension des possibilites de l''interface graphique, rajout du tracer du contenu du fichier selectionne';;;;;;;;;;
'Amelioration de la fonction de detection et correction, passage de l''identification des capteurs en dictionnaire, capteur:valeurs';;;;;;;;;;
bien identifie les changements de capteurs par le remplacement dune valeur par le nom du capteur.;;;;;;;;;;
l exe est autonome, il faut soit le deplacer dans le dossier contenant les *,csv, ou lui indiquer le repertoire ou les trouver;;;;;;;;;;
Les Pdf seront generes dans le dossier du .exe;;;;;;;;;;
'ne pas mettre de double  , ne pas mettre d'accent dans les noms de fichiers ni d espace';;;;;;;;;;
Le fichier Logo.jpg doit etre dans le repertoir de l'exe, sans quoi les pdf ne seront pas generes;;;;;;;;;;
Chaque nom de capteur par fichier est unique, sinon il y a soucis dans le traitement qui écrase les données;;;;;;;;;;
Attention corriger les pics au niveau du changement de capteur, le branchement debranchement genere un bug des fois;;;;;;;;;;
;;;;;;;;;;
;;;;;;;;;;
Il doit y avoir un minimum de 3 paliers par capteurs;;;;;;;;;;
Chaque paliers a un minimum de 17 entrees, mesures, valeurs;;;;;;;;;;
Il y a tres peu de traitement des erreurs ou de verification des donnees d entrees;;erreurs traitees e: lignes vides, cellules =  Invalid (pour invalide pas toujours �);;;;;;;;
En ligne 24, nous avons le premier nom des capteurs;OBLIGATOIRE;en colonne 2 pour le capteur à raccorde, et en colonne 6 pour le capteur de reference;;;;;;;;
;;;;;;;;;;
Tout est bon dans le cochon ^^;;;;;;;;;;
Date/Heure;Type;H1 (V);P1000 (V);P200 (V);TC1 (C);Pulse Channel 1 (Hz);;;;P200 (V)
14/01/20 09:59:032;Intervalle;Trois petits cochons [V];0;tension mano;;;;;;Trois petits cochons [unite inconnue]
14/01/20 09:59:033;Intervalle;0.0154;0;18.3;;;;;;0.316778
14/01/20 09:59:034;Intervalle;0.0154;0;18.3;;;;;;0.316778
14/01/20 09:59:035;Intervalle;0.0154;0;18.3;;;;;;0.316778
14/01/20 09:59:036;Intervalle;0.0154;0;18.3;;;;;;0.316778
14/01/20 09:59:037;Intervalle;0.0154;0;18.3;;;;;;0.316778
14/01/20 09:59:038;Intervalle;0.0154;0;18.3;;;;;;0.316778
14/01/20 09:59:039;Intervalle;0.0154;0;18.3;;;;;;0.316778
14/01/20 09:59:040;Intervalle;0.0154;0;18.3;;;;;;0.316778
14/01/20 09:59:041;Intervalle;0.0154;0;18.3;;;;;;0.316778
14/01/20 09:59:042;Intervalle;0.0154;0;18.3;;;;;;0.316778
14/01/20 09:59:043;Intervalle;0.0154;0;18.3;;;;;;0.316778
14/01/20 09:59:044;Intervalle;0.0154;0;18.3;;;;;;0.316778
14/01/20 09:59:045;Intervalle;0.0154;0;18.3;;;;;;0.316778
14/01/20 09:59:046;Intervalle;0.0154;0;18.3;;;;;;0.316778
14/01/20 09:59:047;Intervalle;0.0154;0;18.3;;;;;;0.316778
14/01/20 09:59:048;Intervalle;0.0154;0;18.3;;;;;;0.316778
14/01/20 09:59:049;Intervalle;0.0154;0;18.3;;;;;;0.316778
14/01/20 09:59:050;Intervalle;0.0154;0;18.3;;;;;;0.316778
14/01/20 09:59:051;Intervalle;0.0154;0;18.3;;;;;;0.316778
14/01/20 09:59:052;Intervalle;0.0154;0;18.3;;;;;;0.316778
14/01/20 09:59:053;Intervalle;0.0154;0;18.3;;;;;;0.316778
14/01/20 09:59:054;Intervalle;0.0154;0;18.3;;;;;;0.316778
14/01/20 09:59:055;Intervalle;0.0154;0;18.3;;;;;;0.316778
14/01/20 09:59:056;Intervalle;0.0154;0;18.3;;;;;;0.316778
14/01/20 09:59:057;Intervalle;0.0154;0;18.3;;;;;;0.316778
14/01/20 09:59:058;Intervalle;0.0154;0;18.3;;;;;;0.316778
14/01/20 09:59:059;Intervalle;0.0154;0;18.3;;;;;;0.316778
14/01/20 09:59:060;Intervalle;0.0154;0;18.3;;;;;;0.316778
14/01/20 09:59:061;Intervalle;0.0154;0;18.3;;;;;;0.316778
14/01/20 09:59:062;Intervalle;0.0154;0;18.3;;;;;;0.316778
14/01/20 09:59:063;Intervalle;0.0154;0;18.3;;;;;;0.316778
14/01/20 09:59:064;Intervalle;0.0154;0;18.3;;;;;;0.316778
14/01/20 09:59:065;Intervalle;0.0154;0;18.3;;;;;;0.316778
14/01/20 09:59:066;Intervalle;0.0154;0;18.3;;;;;;0.316778
14/01/20 09:59:067;Intervalle;0.0154;0;18.3;;;;;;0.316778
14/01/20 09:59:068;Intervalle;0.0154;0;18.3;;;;;;0.316778
14/01/20 09:59:069;Intervalle;0.0154;0;18.3;;;;;;0.316778
14/01/20 09:59:070;Intervalle;0.0154;0;18.3;;;;;;0.316778
14/01/20 09:59:071;Intervalle;0.0154;0;18.3;;;;;;0.316778
14/01/20 09:59:072;Intervalle;0.0154;0;18.3;;;;;;0.316778
14/01/20 09:59:073;Intervalle;0.0154;0;18.3;;;;;;0.316778
14/01/20 09:59:074;Intervalle;0.0154;0;18.3;;;;;;0.316778
14/01/20 09:59:075;Intervalle;0.0154;0;18.3;;;;;;0.316778
14/01/20 09:59:076;Intervalle;0.0154;0;18.3;;;;;;0.316778
14/01/20 09:59:077;Intervalle;0.0154;0;18.3;;;;;;0.316778
14/01/20 09:59:078;Intervalle;0.0154;0;18.3;;;;;;0.316778
14/01/20 09:59:079;Intervalle;0.0154;0;18.3;;;;;;0.316778
14/01/20 09:59:080;Intervalle;0.0154;0;18.3;;;;;;0.316778
14/01/20 09:59:081;Intervalle;0.0154;0;18.3;;;;;;0.316778
14/01/20 09:59:082;Intervalle;0.0154;0;18.3;;;;;;0.316778
14/01/20 09:59:083;Intervalle;0.0154;0;18.3;;;;;;0.316778
14/01/20 09:59:084;Intervalle;0.0154;0;18.3;;;;;;0.316778
14/01/20 09:59:085;Intervalle;0.0154;0;18.3;;;;;;0.316778
14/01/20 09:59:086;Intervalle;0.0154;0;18.3;;;;;;0.316778
14/01/20 09:59:087;Intervalle;0.0154;0;18.3;;;;;;0.316778
14/01/20 09:59:088;Intervalle;0.0154;0;18.3;;;;;;0.316778
14/01/20 09:59:089;Intervalle;0.0154;0;18.3;;;;;;0.316778
14/01/20 09:59:090;Intervalle;0.0154;0;18.3;;;;;;0.316778
14/01/20 09:59:091;Intervalle;0.0154;0;18.3;;;;;;0.316778
14/01/20 09:59:092;Intervalle;0.0154;0;18.3;;;;;;0.316778
14/01/20 09:59:093;Intervalle;0.0154;0;18.3;;;;;;0.316778
14/01/20 09:59:094;Intervalle;0.0154;0;18.3;;;;;;0.316778
14/01/20 09:59:095;Intervalle;0.0154;0;18.3;;;;;;0.316778
14/01/20 09:59:096;Intervalle;0.0154;0;18.3;;;;;;0.316778
14/01/20 09:59:097;Intervalle;0.0154;0;18.3;;;;;;0.316778
14/01/20 09:59:098;Intervalle;0.0154;0;18.3;;;;;;0.316778
14/01/20 09:59:099;Intervalle;0.0154;0;18.3;;;;;;0.316778
43844.41713;Intervalle;0.0154;0;18.3;;;;;;0.316778
43844.41714;Intervalle;0.0154;0;18.3;;;;;;0.316778
43844.41715;Intervalle;0.0154;0;18.3;;;;;;0.316778
43844.41716;Intervalle;0.0154;0;18.3;;;;;;0.316778
43844.41718;Intervalle;0.0154;0;18.3;;;;;;0.316778
43844.41719;Intervalle;0.0154;0;18.3;;;;;;0.316778
43844.4172;Intervalle;0.0154;0;18.3;;;;;;0.316778
43844.41721;Intervalle;0.0154;0;18.3;;;;;;0.316778
43844.41722;Intervalle;0.0154;0;18.3;;;;;;0.316778
43844.41723;Intervalle;0.0154;0;18.3;;;;;;0.316778
43844.41725;Intervalle;0.0154;0;18.3;;;;;;0.316778
43844.41726;Intervalle;0.0154;0;18.3;;;;;;0.316778
43844.41727;Intervalle;0.0154;0;18.3;;;;;;0.316778
43844.41728;Intervalle;0.0154;0;18.3;;;;;;0.316778
43844.41729;Intervalle;0.0154;0;18.3;;;;;;0.316778
43844.4173;Intervalle;0.0154;0;18.3;;;;;;0.316778
43844.41731;Intervalle;0.0154;0;18.3;;;;;;0.316778
43844.41733;Intervalle;0.0154;0;18.3;;;;;;0.316778
43844.41734;Intervalle;0.0154;0;18.3;;;;;;0.316778
43844.41735;Intervalle;0.0154;0;18.3;;;;;;0.316778
43844.41736;Intervalle;0.0154;0;18.3;;;;;;0.316778
43844.41737;Intervalle;0.0154;0;18.3;;;;;;0.316778
43844.41738;Intervalle;0.0154;0;18.3;;;;;;0.316778
43844.4174;Intervalle;0.0154;0;18.3;;;;;;0.316778
43844.41741;Intervalle;0.0154;0;18.3;;;;;;0.316778
43844.41742;Intervalle;0.0154;0;18.3;;;;;;0.316778
43844.41743;Intervalle;0.0154;0;18.3;;;;;;0.316778
43844.41744;Intervalle;0.0154;0;18.3;;;;;;0.316778
43844.41745;Intervalle;0.0154;0;18.3;;;;;;0.316778
43844.41747;Intervalle;0.0154;0;18.3;;;;;;0.316778
43844.41748;Intervalle;0.0158;0;18.3;;;;;;0.325006
43844.41749;Intervalle;0.0154;0;18.3;;;;;;0.316778
43844.4175;Intervalle;0.0154;0;18.3;;;;;;0.316778
43844.41751;Intervalle;0.0154;0;18.3;;;;;;0.316778
43844.41752;Intervalle;0.0154;0;18.3;;;;;;0.316778
43844.41753;Intervalle;0.0154;0;18.3;;;;;;0.316778
43844.41755;Intervalle;0.0154;0;18.3;;;;;;0.316778
43844.41756;Intervalle;0.0154;0;18.3;;;;;;0.316778
43844.41757;Intervalle;0.0154;0;18.3;;;;;;0.316778
43844.41758;Intervalle;0.0154;0;18.3;;;;;;0.316778
43844.41759;Intervalle;0.0154;0;18.3;;;;;;0.316778
43844.4176;Intervalle;0.0154;0;18.3;;;;;;0.316778
43844.41762;Intervalle;0.0154;0;18.3;;;;;;0.316778
43844.41763;Intervalle;0.0154;0;18.3;;;;;;0.316778
43844.41764;Intervalle;0.0154;0;18.3;;;;;;0.316778
43844.41765;Intervalle;0.0154;0;18.3;;;;;;0.316778
43844.41766;Intervalle;0.0154;0;18.3;;;;;;0.316778
43844.41767;Intervalle;0.0154;0;18.3;;;;;;0.316778
43844.41769;Intervalle;0.0154;0;18.3;;;;;;0.316778
43844.4177;Intervalle;0.0154;0;18.3;;;;;;0.316778
43844.41771;Intervalle;0.0154;0;18.3;;;;;;0.316778
43844.41772;Intervalle;0.0154;0;18.3;;;;;;0.316778
43844.41773;Intervalle;0.0154;0;18.3;;;;;;0.316778
43844.41774;Intervalle;0.0154;0;18.3;;;;;;0.316778
43844.41775;Intervalle;0.0154;0;18.3;;;;;;0.316778
43844.41777;Intervalle;0.0154;0;18.3;;;;;;0.316778
43844.41778;Intervalle;0.0154;0;18.3;;;;;;0.316778
43844.41779;Intervalle;0.0154;0;18.3;;;;;;0.316778
43844.4178;Intervalle;0.0154;0;18.3;;;;;;0.316778
43844.41781;Intervalle;0.0154;0;18.3;;;;;;0.316778
43844.41782;Intervalle;0.0154;0;18.3;;;;;;0.316778
43844.41784;Intervalle;0.0154;0;18.3;;;;;;0.316778
43844.41785;Intervalle;0.0154;0;18.3;;;;;;0.316778
43844.41786;Intervalle;0.0154;0;18.3;;;;;;0.316778
43844.41787;Intervalle;0.0154;0;18.3;;;;;;0.316778
43844.41788;Intervalle;0.0154;0;18.3;;;;;;0.316778
43844.41789;Intervalle;0.0154;0;18.3;;;;;;0.316778
43844.41791;Intervalle;0.0154;0;18.3;;;;;;0.316778
43844.41792;Intervalle;0.0154;0;18.3;;;;;;0.316778
43844.41793;Intervalle;0.0154;0;18.3;;;;;;0.316778
43844.41794;Intervalle;0.0154;0;18.3;;;;;;0.316778
43844.41795;Intervalle;0.0154;0;18.3;;;;;;0.316778
43844.41796;Intervalle;0.0154;0;18.3;;;;;;0.316778
43844.41797;Intervalle;0.0154;0;18.3;;;;;;0.316778
43844.41799;Intervalle;0.0154;0;18.3;;;;;;0.316778
43844.418;Intervalle;0.0154;0;18.3;;;;;;0.316778
43844.41801;Intervalle;0.0154;0;18.3;;;;;;0.316778
43844.41802;Intervalle;0.0154;0;18.3;;;;;;0.316778
43844.41803;Intervalle;0.0154;0;18.3;;;;;;0.316778
43844.41804;Intervalle;0.0154;0;18.3;;;;;;0.316778
43844.41806;Intervalle;0.0154;0;18.3;;;;;;0.316778
43844.41807;Intervalle;0.0154;0;18.3;;;;;;0.316778
43844.41808;Intervalle;0.0154;0;18.3;;;;;;0.316778
43844.41809;Intervalle;0.0154;0;18.3;;;;;;0.316778
43844.4181;Intervalle;0.0154;0;18.3;;;;;;0.316778
43844.41811;Intervalle;0.0154;0;18.3;;;;;;0.316778
43844.41813;Intervalle;0.0154;0;18.3;;;;;;0.316778
43844.41814;Intervalle;0.0154;0;18.3;;;;;;0.316778
43844.41815;Intervalle;0.0154;0;18.3;;;;;;0.316778
43844.41816;Intervalle;0.0154;0;18.3;;;;;;0.316778
43844.41817;Intervalle;0.0154;0;18.3;;;;;;0.316778
43844.41818;Intervalle;0.0154;0;18.3;;;;;;0.316778
43844.41819;Intervalle;0.0154;0;18.3;;;;;;0.316778
43844.41821;Intervalle;0.0154;0;18.3;;;;;;0.316778
43844.41822;Intervalle;0.0154;0;18.3;;;;;;0.316778
43844.41823;Intervalle;0.0154;0;18.3;;;;;;0.316778
43844.41824;Intervalle;0.0154;0;18.3;;;;;;0.316778
43844.41825;Intervalle;0.0154;0;18.3;;;;;;0.316778
43844.41826;Intervalle;0.1359;0;18.3;;;;;;2.795463
43844.41828;Intervalle;0.1359;0;18.3;;;;;;2.795463
43844.41829;Intervalle;0.1359;0;18.3;;;;;;2.795463
43844.4183;Intervalle;0.1359;0;18.3;;;;;;2.795463
43844.41831;Intervalle;0.1359;0;18.3;;;;;;2.795463
43844.41832;Intervalle;0.1359;0;18.3;;;;;;2.795463
43844.41833;Intervalle;0.1359;0;18.3;;;;;;2.795463
43844.41834;Intervalle;0.1359;0;18.3;;;;;;2.795463
43844.41836;Intervalle;0.1359;0;18.3;;;;;;2.795463
43844.41837;Intervalle;0.1359;0;18.3;;;;;;2.795463
43844.41838;Intervalle;0.1359;0;18.3;;;;;;2.795463
43844.41839;Intervalle;0.1359;0;18.3;;;;;;2.795463
43844.4184;Intervalle;0.1359;0;18.3;;;;;;2.795463
43844.41841;Intervalle;0.1359;0;18.3;;;;;;2.795463
43844.41843;Intervalle;0.1359;0;18.3;;;;;;2.795463
43844.41844;Intervalle;0.1359;0;18.3;;;;;;2.795463
43844.41845;Intervalle;0.1359;0;18.3;;;;;;2.795463
43844.41846;Intervalle;0.1359;0;18.3;;;;;;2.795463
43844.41847;Intervalle;0.1359;0;18.3;;;;;;2.795463
43844.41848;Intervalle;0.1359;0;18.3;;;;;;2.795463
43844.4185;Intervalle;0.1359;0;18.3;;;;;;2.795463
43844.41851;Intervalle;0.1359;0;18.3;;;;;;2.795463
43844.41852;Intervalle;0.1359;0;18.3;;;;;;2.795463
43844.41853;Intervalle;0.1359;0;18.3;;;;;;2.795463
43844.41854;Intervalle;0.1359;0;18.3;;;;;;2.795463
43844.41855;Intervalle;0.1361;0;18.3;;;;;;2.799577
43844.41856;Intervalle;0.1359;0;18.3;;;;;;2.795463
43844.41858;Intervalle;0.1359;0;18.3;;;;;;2.795463
43844.41859;Intervalle;0.1359;0;18.3;;;;;;2.795463
43844.4186;Intervalle;0.1359;0;18.3;;;;;;2.795463
43844.41861;Intervalle;0.1359;0;18.3;;;;;;2.795463
43844.41862;Intervalle;0.1359;0;18.3;;;;;;2.795463
43844.41863;Intervalle;0.1359;0;18.3;;;;;;2.795463
43844.41865;Intervalle;0.1359;0;18.3;;;;;;2.795463
43844.41866;Intervalle;0.1359;0;18.3;;;;;;2.795463
43844.41867;Intervalle;0.1359;0;18.3;;;;;;2.795463
43844.41868;Intervalle;0.1359;0;18.3;;;;;;2.795463
43844.41869;Intervalle;0.1359;0;18.3;;;;;;2.795463
43844.4187;Intervalle;0.1359;0;18.3;;;;;;2.795463
43844.41872;Intervalle;0.1359;0;18.3;;;;;;2.795463
43844.41873;Intervalle;0.1359;0;18.3;;;;;;2.795463
43844.41874;Intervalle;0.1359;0;18.3;;;;;;2.795463
43844.41875;Intervalle;0.1359;0;18.3;;;;;;2.795463
43844.41876;Intervalle;0.1359;0;18.3;;;;;;2.795463
43844.41877;Intervalle;0.1359;0;18.3;;;;;;2.795463
43844.41878;Intervalle;0.1359;0;18.3;;;;;;2.795463
43844.4188;Intervalle;0.1359;0;18.3;;;;;;2.795463
43844.41881;Intervalle;0.1359;0;18.3;;;;;;2.795463
43844.41882;Intervalle;0.1359;0;18.3;;;;;;2.795463
43844.41883;Intervalle;0.1359;0;18.3;;;;;;2.795463
43844.41884;Intervalle;0.1359;0;18.3;;;;;;2.795463
43844.41885;Intervalle;0.1359;0;18.3;;;;;;2.795463
43844.41887;Intervalle;0.1359;0;18.3;;;;;;2.795463
43844.41888;Intervalle;0.1359;0;18.3;;;;;;2.795463
43844.41889;Intervalle;0.2763;0;18.3;;;;;;5.683491
43844.4189;Intervalle;0.2763;0;18.3;;;;;;5.683491
43844.41891;Intervalle;0.2763;0;18.3;;;;;;5.683491
43844.41892;Intervalle;0.2763;0;18.3;;;;;;5.683491
43844.41894;Intervalle;0.2763;0;18.3;;;;;;5.683491
43844.41895;Intervalle;0.2763;0;18.3;;;;;;5.683491
43844.41896;Intervalle;0.2763;0;18.3;;;;;;5.683491
43844.41897;Intervalle;0.2763;0;18.3;;;;;;5.683491
43844.41898;Intervalle;0.2763;0;18.3;;;;;;5.683491
43844.41899;Intervalle;0.2763;0;18.3;;;;;;5.683491
43844.419;Intervalle;0.2763;0;18.3;;;;;;5.683491
43844.41902;Intervalle;0.2763;0;18.3;;;;;;5.683491
43844.41903;Intervalle;0.2763;0;18.3;;;;;;5.683491
43844.41904;Intervalle;0.2763;0;18.3;;;;;;5.683491
43844.41905;Intervalle;0.2763;0;18.3;;;;;;5.683491
43844.41906;Intervalle;0.2763;0;18.3;;;;;;5.683491
43844.41907;Intervalle;0.2763;0;18.3;;;;;;5.683491
43844.41909;Intervalle;0.2763;0;18.3;;;;;;5.683491
43844.4191;Intervalle;0.2763;0;18.3;;;;;;5.683491
43844.41911;Intervalle;0.2763;0;18.3;;;;;;5.683491
43844.41912;Intervalle;0.2763;0;18.3;;;;;;5.683491
43844.41913;Intervalle;0.2763;0;18.3;;;;;;5.683491
43844.41914;Intervalle;0.2763;0;18.3;;;;;;5.683491
43844.41916;Intervalle;0.2763;0;18.3;;;;;;5.683491
43844.41917;Intervalle;0.2763;0;18.3;;;;;;5.683491
43844.41918;Intervalle;0.2763;0;18.3;;;;;;5.683491
43844.41919;Intervalle;0.2763;0;18.3;;;;;;5.683491
43844.4192;Intervalle;0.2763;0;18.3;;;;;;5.683491
43844.41921;Intervalle;0.2763;0;18.3;;;;;;5.683491
43844.41922;Intervalle;0.2763;0;18.3;;;;;;5.683491
43844.41924;Intervalle;0.27635;0;18.3;;;;;;5.6845195
43844.41925;Intervalle;0.2763;0;18.3;;;;;;5.683491
43844.41926;Intervalle;0.2763;0;18.3;;;;;;5.683491
43844.41927;Intervalle;0.2763;0;18.3;;;;;;5.683491
43844.41928;Intervalle;0.2763;0;18.3;;;;;;5.683491
43844.41929;Intervalle;0.2763;0;18.3;;;;;;5.683491
43844.41931;Intervalle;0.2763;0;18.3;;;;;;5.683491
43844.41932;Intervalle;0.2763;0;18.3;;;;;;5.683491
43844.41933;Intervalle;0.2763;0;18.3;;;;;;5.683491
43844.41934;Intervalle;0.2763;0;18.3;;;;;;5.683491
43844.41935;Intervalle;0.2763;0;18.3;;;;;;5.683491
43844.41936;Intervalle;0.2763;0;18.3;;;;;;5.683491
43844.41938;Intervalle;0.2763;0;18.3;;;;;;5.683491
43844.41939;Intervalle;0.2763;0;18.3;;;;;;5.683491
43844.4194;Intervalle;0.2763;0;18.3;;;;;;5.683491
43844.41941;Intervalle;0.2763;0;18.3;;;;;;5.683491
43844.41942;Intervalle;0.2763;0;18.3;;;;;;5.683491
43844.41943;Intervalle;0.35;0;18.3;;;;;;7.1995
43844.41944;Intervalle;0.35;0;18.3;;;;;;7.1995
43844.41946;Intervalle;0.35;0;18.3;;;;;;7.1995
43844.41947;Intervalle;0.35;0;18.3;;;;;;7.1995
43844.41948;Intervalle;0.35;0;18.3;;;;;;7.1995
43844.41949;Intervalle;0.35;0;18.3;;;;;;7.1995
43844.4195;Intervalle;0.35;0;18.3;;;;;;7.1995
43844.41951;Intervalle;0.35;0;18.3;;;;;;7.1995
43844.41953;Intervalle;0.35;0;18.3;;;;;;7.1995
43844.41954;Intervalle;0.35;0;18.3;;;;;;7.1995
43844.41955;Intervalle;0.35;0;18.3;;;;;;7.1995
43844.41956;Intervalle;0.35;0;18.3;;;;;;7.1995
43844.41957;Intervalle;0.35;0;18.3;;;;;;7.1995
43844.41958;Intervalle;0.35;0;18.3;;;;;;7.1995
43844.41959;Intervalle;0.35;0;18.3;;;;;;7.1995
43844.41961;Intervalle;0.35;0;18.3;;;;;;7.1995
43844.41962;Intervalle;0.35;0;18.3;;;;;;7.1995
43844.41963;Intervalle;0.35;0;18.3;;;;;;7.1995
43844.41964;Intervalle;0.35;0;18.3;;;;;;7.1995
43844.41965;Intervalle;0.35;0;18.3;;;;;;7.1995
43844.41966;Intervalle;0.35;0;18.3;;;;;;7.1995
43844.41968;Intervalle;0.35;0;18.3;;;;;;7.1995
43844.41969;Intervalle;0.35;0;18.3;;;;;;7.1995
43844.4197;Intervalle;0.35;0;18.3;;;;;;7.1995
43844.41971;Intervalle;0.35;0;18.3;;;;;;7.1995
43844.41972;Intervalle;0.35;0;18.3;;;;;;7.1995
43844.41973;Intervalle;0.35;0;18.3;;;;;;7.1995
43844.41975;Intervalle;0.35;0;18.3;;;;;;7.1995
43844.41976;Intervalle;0.35;0;18.3;;;;;;7.1995
43844.41977;Intervalle;0.35;0;18.3;;;;;;7.1995
43844.41978;Intervalle;0.35;0;18.3;;;;;;7.1995
43844.41979;Intervalle;0.35;1;18.4;;;;;;7.1995
43844.4198;Intervalle;0.35;2;18.5;;;;;;7.1995
43844.41981;Intervalle;0.35;3;18.6;;;;;;7.1995
43844.41983;Intervalle;0.35;4;18.7;;;;;;7.1995
43844.41984;Intervalle;0.35;5;18.8;;;;;;7.1995
43844.41985;Intervalle;0.35;6;18.9;;;;;;7.1995
43844.41986;Intervalle;0.35;7;18.1;;;;;;7.1995
43844.41987;Intervalle;0.35;8;18.11;;;;;;7.1995
43844.41988;Intervalle;0.35;9;18.12;;;;;;7.1995
43844.4199;Intervalle;0.35;10;18.13;;;;;;7.1995
43844.41991;Intervalle;0.35;11;18.14;;;;;;7.1995
43844.41992;Intervalle;0.35;12;18.15;;;;;;7.1995
43844.41993;Intervalle;0.35;13;18.16;;;;;;7.1995
43844.41994;Intervalle;0.35;14;18.17;;;;;;7.1995
43844.41995;Intervalle;0.35;15;18.18;;;;;;7.1995
43844.41997;Intervalle;0.35;16;18.19;;;;;;7.1995
43844.41998;Intervalle;0.35;17;18.2;;;;;;7.1995
43844.41999;Intervalle;0.35;18;18.21;;;;;;7.1995
43844.42;Intervalle;0.35;19;18.22;;;;;;7.1995
43844.42001;Intervalle;0.35;20;18.23;;;;;;7.1995
43844.42002;Intervalle;0.35;21;18.24;;;;;;7.1995
43844.42003;Intervalle;0.35;22;18.25;;;;;;7.1995
43844.42005;Intervalle;0.35;23;18.26;;;;;;7.1995
43844.42006;Intervalle;0.35;24;18.27;;;;;;7.1995
43844.42007;Intervalle;0.35;25;18.28;;;;;;7.1995
43844.42008;Intervalle;0.35;26;18.29;;;;;;7.1995
43844.42009;Intervalle;0.35;27;18.3;;;;;;7.1995
43844.4201;Intervalle;0.35;28;18.31;;;;;;7.1995
43844.42012;Intervalle;0.35;29;18.32;;;;;;7.1995
43844.42013;Intervalle;0.35;30;18.33;;;;;;7.1995
43844.42014;Intervalle;0.35;31;18.34;;;;;;7.1995
43844.42015;Intervalle;0.35;32;18.35;;;;;;7.1995
43844.42016;Intervalle;0.35;33;18.36;;;;;;7.1995
43844.42017;Intervalle;0.0154;34;18.37;;;;;;0.316778
43844.42019;Intervalle;0.0154;35;18.38;;;;;;0.316778
43844.4202;Intervalle;0.0154;36;18.39;;;;;;0.316778
43844.42021;Intervalle;0.0154;37;18.4;;;;;;0.316778
43844.42022;Intervalle;0.0154;38;18.41;;;;;;0.316778
43844.42023;Intervalle;0.0154;39;18.42;;;;;;0.316778
43844.42024;Intervalle;0.0154;40;18.43;;;;;;0.316778
43844.42025;Intervalle;0.0154;41;18.44;;;;;;0.316778
43844.42027;Intervalle;0.0154;42;18.45;;;;;;0.316778
43844.42028;Intervalle;0.0154;43;18.46;;;;;;0.316778
43844.42029;Intervalle;0.0154;44;18.47;;;;;;0.316778
43844.4203;Intervalle;0.0154;45;18.48;;;;;;0.316778
43844.42031;Intervalle;0.0154;46;18.49;;;;;;0.316778
43844.42032;Intervalle;0.0154;47;18.5;;;;;;0.316778
43844.42034;Intervalle;0.0154;48;18.51;;;;;;0.316778
43844.42035;Intervalle;0.0154;49;18.52;;;;;;0.316778
43844.42036;Intervalle;0.0154;50;18.53;;;;;;0.316778
43844.42037;Intervalle;0.0154;51;18.54;;;;;;0.316778
43844.42038;Intervalle;0.0154;52;18.55;;;;;;0.316778
43844.42039;Intervalle;0.0154;53;18.56;;;;;;0.316778
43844.42041;Intervalle;0.0154;54;18.57;;;;;;0.316778
43844.42042;Intervalle;0.0154;55;18.58;;;;;;0.316778
43844.42043;Intervalle;0.0154;56;18.59;;;;;;0.316778
43844.42044;Intervalle;0.0154;57;18.6;;;;;;0.316778
43844.42045;Intervalle;0.0154;58;18.61;;;;;;0.316778
43844.42046;Intervalle;0.0154;59;18.62;;;;;;0.316778
43844.42047;Intervalle;0.0154;60;18.63;;;;;;0.316778
43844.42049;Intervalle;0.0154;61;18.64;;;;;;0.316778
43844.4205;Intervalle;0.0154;62;18.65;;;;;;0.316778
43844.42051;Intervalle;0.0154;63;18.66;;;;;;0.316778
43844.42052;Intervalle;0.0154;64;18.67;;;;;;0.316778
43844.42053;Intervalle;0.0154;65;18.68;;;;;;0.316778
43844.42054;Intervalle;0.0154;66;18.69;;;;;;0.316778
43844.42056;Intervalle;0.0154;67;18.7;;;;;;0.316778
43844.42057;Intervalle;0.0154;68;18.71;;;;;;0.316778
43844.42058;Intervalle;0.0154;69;18.72;;;;;;0.316778
43844.42059;Intervalle;0.0154;70;18.73;;;;;;0.316778
43844.4206;Intervalle;0.0154;71;18.74;;;;;;0.316778
43844.42061;Intervalle;0.0154;72;18.75;;;;;;0.316778
43844.42063;Intervalle;0.0154;73;18.76;;;;;;0.316778
43844.42064;Intervalle;0.0154;74;18.77;;;;;;0.316778
43844.42065;Intervalle;0.0154;75;18.78;;;;;;0.316778
43844.42066;Intervalle;0.0154;76;18.79;;;;;;0.316778
43844.42067;Intervalle;0.0154;77;18.8;;;;;;0.316778
43844.42068;Intervalle;0.0154;78;18.81;;;;;;0.316778
43844.42069;Intervalle;0.0154;79;18.82;;;;;;0.316778
43844.42071;Intervalle;0.0154;80;18.83;;;;;;0.316778
43844.42072;Intervalle;0.0154;81;18.84;;;;;;0.316778
43844.42073;Intervalle;0.0154;82;18.85;;;;;;0.316778
43844.42074;Intervalle;0.0154;83;18.86;;;;;;0.316778
43844.42075;Intervalle;0.0154;84;18.87;;;;;;0.316778
43844.42076;Intervalle;0.0154;85;18.88;;;;;;0.316778
43844.42078;Intervalle;0.0154;86;18.89;;;;;;0.316778
43844.42079;Intervalle;0.0154;87;18.9;;;;;;0.316778
43844.4208;Intervalle;0.0154;88;18.91;;;;;;0.316778
43844.42081;Intervalle;0.0154;89;18.92;;;;;;0.316778
43844.42082;Intervalle;0.0154;90;18.93;;;;;;0.316778
43844.42083;Intervalle;0.0154;91;18.94;;;;;;0.316778
43844.42084;Intervalle;0.0154;92;18.95;;;;;;0.316778
43844.42086;Intervalle;0.0154;93;18.96;;;;;;0.316778
43844.42087;Intervalle;0.0154;94;18.97;;;;;;0.316778
43844.42088;Intervalle;0.0154;95;18.98;;;;;;0.316778
43844.42089;Intervalle;0.0154;96;18.99;;;;;;0.316778
43844.4209;Intervalle;0.0154;97;18.1;;;;;;0.316778
43844.42091;Intervalle;0.0154;98;18.101;;;;;;0.316778
43844.42093;Intervalle;0.0154;99;18.102;;;;;;0.316778
43844.42094;Intervalle;0.0154;100;18.103;;;;;;0.316778
43844.42095;Intervalle;0.0154;101;18.104;;;;;;0.316778
43844.42096;Intervalle;0.0154;102;18.105;;;;;;0.316778
43844.42097;Intervalle;0.0154;103;18.106;;;;;;0.316778
43844.42098;Intervalle;0.0154;104;18.107;;;;;;0.316778
43844.421;Intervalle;0.0154;105;18.108;;;;;;0.316778
43844.42101;Intervalle;0.0154;106;18.109;;;;;;0.316778
43844.42102;Intervalle;0.0154;107;18.11;;;;;;0.316778
43844.42103;Intervalle;0.0154;108;18.111;;;;;;0.316778
43844.42104;Intervalle;0.0154;109;18.112;;;;;;0.316778
43844.42105;Intervalle;0.0154;110;18.113;;;;;;0.316778
43844.42106;Intervalle;0.0154;111;18.114;;;;;;0.316778
43844.42108;Intervalle;0.0154;112;18.115;;;;;;0.316778
43844.42109;Intervalle;0.0154;113;18.116;;;;;;0.316778
43844.4211;Intervalle;0.0154;114;18.117;;;;;;0.316778
43844.42111;Intervalle;0.0154;115;18.118;;;;;;0.316778
43844.42112;Intervalle;0.0154;116;18.119;;;;;;0.316778
43844.42113;Intervalle;0.0154;117;18.12;;;;;;0.316778
43844.42115;Intervalle;0.0154;118;18.121;;;;;;0.316778
43844.42116;Intervalle;0.0154;119;18.122;;;;;;0.316778
43844.42117;Intervalle;0.0154;120;18.123;;;;;;0.316778
43844.42118;Intervalle;0.0154;121;18.124;;;;;;0.316778
43844.42119;Intervalle;0.0154;122;18.125;;;;;;0.316778
43844.4212;Intervalle;0.0154;123;18.126;;;;;;0.316778
43844.42122;Intervalle;0.0154;124;18.127;;;;;;0.316778
43844.42123;Intervalle;0.0154;125;18.128;;;;;;0.316778
43844.42124;Intervalle;0.0154;126;18.129;;;;;;0.316778
43844.42125;Intervalle;0.0154;127;18.13;;;;;;0.316778
43844.42126;Intervalle;0.0154;128;18.131;;;;;;0.316778
43844.42127;Intervalle;0.0154;129;18.132;;;;;;0.316778
43844.42128;Intervalle;0.0154;130;18.133;;;;;;0.316778
43844.4213;Intervalle;0.0154;131;18.134;;;;;;0.316778
43844.42131;Intervalle;0.0154;132;18.135;;;;;;0.316778
43844.42132;Intervalle;0.0154;133;18.136;;;;;;0.316778
43844.42133;Intervalle;0.0154;134;18.137;;;;;;0.316778
43844.42134;Intervalle;0.0154;135;18.138;;;;;;0.316778
43844.42135;Intervalle;0.0154;136;18.139;;;;;;0.316778
43844.42137;Intervalle;0.0154;137;18.14;;;;;;0.316778
43844.42138;Intervalle;0.0154;138;18.141;;;;;;0.316778
43844.42139;Intervalle;0.0154;139;18.142;;;;;;0.316778
43844.4214;Intervalle;0.0154;140;18.143;;;;;;0.316778
43844.42141;Intervalle;0.0154;141;18.144;;;;;;0.316778
43844.42142;Intervalle;0.0154;142;18.145;;;;;;0.316778
43844.42144;Intervalle;0.0154;143;18.146;;;;;;0.316778
43844.42145;Intervalle;0.0154;144;18.147;;;;;;0.316778
43844.42146;Intervalle;0.0154;145;18.148;;;;;;0.316778
43844.42147;Intervalle;0.0154;146;18.149;;;;;;0.316778
43844.42148;Intervalle;0.0154;147;18.15;;;;;;0.316778
43844.42149;Intervalle;0.0154;148;18.151;;;;;;0.316778
43844.4215;Intervalle;0.0154;149;18.152;;;;;;0.316778
43844.42152;Intervalle;0.0154;150;18.153;;;;;;0.316778
43844.42153;Intervalle;0.0154;151;18.154;;;;;;0.316778
43844.42154;Intervalle;0.0154;152;18.155;;;;;;0.316778
43844.42155;Intervalle;0.0154;153;18.156;;;;;;0.316778
43844.42156;Intervalle;0.0154;154;18.157;;;;;;0.316778
43844.42157;Intervalle;0.0154;155;18.158;;;;;;0.316778
43844.42159;Intervalle;0.0154;156;18.159;;;;;;0.316778
43844.4216;Intervalle;0.0154;157;18.16;;;;;;0.316778
43844.42161;Intervalle;0.0154;158;18.161;;;;;;0.316778
43844.42162;Intervalle;0.0154;159;18.162;;;;;;0.316778
43844.42163;Intervalle;0.0154;160;18.163;;;;;;0.316778
43844.42164;Intervalle;0.0154;161;18.164;;;;;;0.316778
43844.42166;Intervalle;0.0154;162;18.165;;;;;;0.316778
43844.42167;Intervalle;0.0154;163;18.166;;;;;;0.316778
;;Trois petits cochons 2 [carotte];0;tension mano;;;;;;Trois petits cochons2 [unite inconnue]
;;0.0154;0;18.3;;;;;;0.332178
;;0.0154;0;18.3;;;;;;0.332178
;;0.0154;0;18.3;;;;;;0.332178
;;0.0154;0;18.3;;;;;;0.332178
;;0.0154;0;18.3;;;;;;0.332178
;;0.0154;0;18.3;;;;;;0.332178
;;0.0154;0;18.3;;;;;;0.332178
;;0.0154;0;18.3;;;;;;0.332178
;;0.0154;0;18.3;;;;;;0.332178
;;0.0154;0;18.3;;;;;;0.332178
;;0.0154;0;18.3;;;;;;0.332178
;;0.0154;0;18.3;;;;;;0.332178
;;0.0154;0;18.3;;;;;;0.332178
;;0.0154;0;18.3;;;;;;0.332178
;;0.0154;0;18.3;;;;;;0.332178
;;0.0154;0;18.3;;;;;;0.332178
;;0.0154;0;18.3;;;;;;0.332178
;;0.0154;0;18.3;;;;;;0.332178
;;0.0154;0;18.3;;;;;;0.332178
;;0.0154;0;18.3;;;;;;0.332178
;;0.0154;0;18.3;;;;;;0.332178
;;0.0154;0;18.3;;;;;;0.332178
;;0.0154;0;18.3;;;;;;0.332178
;;0.0154;0;18.3;;;;;;0.332178
;;0.0154;0;18.3;;;;;;0.332178
;;0.0154;0;18.3;;;;;;0.332178
;;0.0154;0;18.3;;;;;;0.332178
;;0.0154;0;18.3;;;;;;0.332178
;;0.0154;0;18.3;;;;;;0.332178
;;0.0154;0;18.3;;;;;;0.332178
;;0.0154;0;18.3;;;;;;0.332178
;;0.0154;0;18.3;;;;;;0.332178
;;0.0154;0;18.3;;;;;;0.332178
;;0.0154;0;18.3;;;;;;0.332178
;;0.0154;0;18.3;;;;;;0.332178
;;0.0154;0;18.3;;;;;;0.332178
;;0.0154;0;18.3;;;;;;0.332178
;;0.0154;0;18.3;;;;;;0.332178
;;0.0154;0;18.3;;;;;;0.332178
;;0.0154;0;18.3;;;;;;0.332178
;;0.0154;0;18.3;;;;;;0.332178
;;0.0154;0;18.3;;;;;;0.332178
;;0.0154;0;18.3;;;;;;0.332178
;;0.0154;0;18.3;;;;;;0.332178
;;0.0154;0;18.3;;;;;;0.332178
;;0.0154;0;18.3;;;;;;0.332178
;;0.0154;0;18.3;;;;;;0.332178
;;0.0154;0;18.3;;;;;;0.332178
;;0.0154;0;18.3;;;;;;0.332178
;;0.0154;0;18.3;;;;;;0.332178
;;0.0154;0;18.3;;;;;;0.332178
;;0.0154;0;18.3;;;;;;0.332178
;;0.0154;0;18.3;;;;;;0.332178
;;0.0154;0;18.3;;;;;;0.332178
;;0.0154;0;18.3;;;;;;0.332178
;;0.0154;0;18.3;;;;;;0.332178
;;0.0154;0;18.3;;;;;;0.332178
;;0.0154;0;18.3;;;;;;0.332178
;;0.0154;0;18.3;;;;;;0.332178
;;0.0154;0;18.3;;;;;;0.332178
;;0.0154;0;18.3;;;;;;0.332178
;;0.0154;0;18.3;;;;;;0.332178
;;0.0154;0;18.3;;;;;;0.332178
;;0.0154;0;18.3;;;;;;0.332178
;;0.0154;0;18.3;;;;;;0.332178
;;0.0154;0;18.3;;;;;;0.332178
;;0.0154;0;18.3;;;;;;0.332178
;;0.0154;0;18.3;;;;;;0.332178
;;0.0154;0;18.3;;;;;;0.332178
;;0.0154;0;18.3;;;;;;0.332178
;;0.0154;0;18.3;;;;;;0.332178
;;0.0154;0;18.3;;;;;;0.332178
;;0.0154;0;18.3;;;;;;0.332178
;;0.0154;0;18.3;;;;;;0.332178
;;0.0154;0;18.3;;;;;;0.332178
;;0.0154;0;18.3;;;;;;0.332178
;;0.0154;0;18.3;;;;;;0.332178
;;0.0154;0;18.3;;;;;;0.332178
;;0.0154;0;18.3;;;;;;0.332178
;;0.0154;0;18.3;;;;;;0.332178
;;0.0154;0;18.3;;;;;;0.332178
;;0.0154;0;18.3;;;;;;0.332178
;;0.0154;0;18.3;;;;;;0.332178
;;0.0154;0;18.3;;;;;;0.332178
;;0.0154;0;18.3;;;;;;0.332178
;;0.0154;0;18.3;;;;;;0.332178
;;0.0154;0;18.3;;;;;;0.332178
;;0.0154;0;18.3;;;;;;0.332178
;;0.0154;0;18.3;;;;;;0.332178
;;0.0154;0;18.3;;;;;;0.332178
;;0.0154;0;18.3;;;;;;0.332178
;;0.0154;0;18.3;;;;;;0.332178
;;0.0154;0;18.3;;;;;;0.332178
;;0.0154;0;18.3;;;;;;0.332178
;;0.0154;0;18.3;;;;;;0.332178
;;0.0154;0;18.3;;;;;;0.332178
;;0.0154;0;18.3;;;;;;0.332178
;;0.0158;0;18.3;;;;;;0.340806
;;0.0154;0;18.3;;;;;;0.332178
;;0.0154;0;18.3;;;;;;0.332178
;;0.0154;0;18.3;;;;;;0.332178
;;0.0154;0;18.3;;;;;;0.332178
;;0.0154;0;18.3;;;;;;0.332178
;;0.0154;0;18.3;;;;;;0.332178
;;0.0154;0;18.3;;;;;;0.332178
;;0.0154;0;18.3;;;;;;0.332178
;;0.0154;0;18.3;;;;;;0.332178
;;0.0154;0;18.3;;;;;;0.332178
;;0.0154;0;18.3;;;;;;0.332178
;;0.0154;0;18.3;;;;;;0.332178
;;0.0154;0;18.3;;;;;;0.332178
;;0.0154;0;18.3;;;;;;0.332178
;;0.0154;0;18.3;;;;;;0.332178
;;0.0154;0;18.3;;;;;;0.332178
;;0.0154;0;18.3;;;;;;0.332178
;;0.0154;0;18.3;;;;;;0.332178
;;0.0154;0;18.3;;;;;;0.332178
;;0.0154;0;18.3;;;;;;0.332178
;;0.0154;0;18.3;;;;;;0.332178
;;0.0154;0;18.3;;;;;;0.332178
;;0.0154;0;18.3;;;;;;0.332178
;;0.0154;0;18.3;;;;;;0.332178
;;0.0154;0;18.3;;;;;;0.332178
;;0.0154;0;18.3;;;;;;0.332178
;;0.0154;0;18.3;;;;;;0.332178
;;0.0154;0;18.3;;;;;;0.332178
;;0.0154;0;18.3;;;;;;0.332178
;;0.0154;0;18.3;;;;;;0.332178
;;0.0154;0;18.3;;;;;;0.332178
;;0.0154;0;18.3;;;;;;0.332178
;;0.0154;0;18.3;;;;;;0.332178
;;0.0154;0;18.3;;;;;;0.332178
;;0.0154;0;18.3;;;;;;0.332178
;;0.0154;0;18.3;;;;;;0.332178
;;0.0154;0;18.3;;;;;;0.332178
;;0.0154;0;18.3;;;;;;0.332178
;;0.0154;0;18.3;;;;;;0.332178
;;0.0154;0;18.3;;;;;;0.332178
;;0.0154;0;18.3;;;;;;0.332178
;;0.0154;0;18.3;;;;;;0.332178
;;0.0154;0;18.3;;;;;;0.332178
;;0.0154;0;18.3;;;;;;0.332178
;;0.0154;0;18.3;;;;;;0.332178
;;0.0154;0;18.3;;;;;;0.332178
;;0.0154;0;18.3;;;;;;0.332178
;;0.0154;0;18.3;;;;;;0.332178
;;0.0154;0;18.3;;;;;;0.332178
;;0.0154;0;18.3;;;;;;0.332178
;;0.0154;0;18.3;;;;;;0.332178
;;0.0154;0;18.3;;;;;;0.332178
;;0.0154;0;18.3;;;;;;0.332178
;;0.0154;0;18.3;;;;;;0.332178
;;0.0154;0;18.3;;;;;;0.332178
;;0.0154;0;18.3;;;;;;0.332178
;;0.0154;0;18.3;;;;;;0.332178
;;0.0154;0;18.3;;;;;;0.332178
;;0.0154;0;18.3;;;;;;0.332178
;;0.0154;0;18.3;;;;;;0.332178
;;0.0154;0;18.3;;;;;;0.332178
;;0.0154;0;18.3;;;;;;0.332178
;;0.0154;0;18.3;;;;;;0.332178
;;0.0154;0;18.3;;;;;;0.332178
;;0.0154;0;18.3;;;;;;0.332178
;;0.0154;0;18.3;;;;;;0.332178
;;0.0154;0;18.3;;;;;;0.332178
;;0.1359;0;18.3;;;;;;2.931363
;;0.1359;0;18.3;;;;;;2.931363
;;0.1359;0;18.3;;;;;;2.931363
;;0.1359;0;18.3;;;;;;2.931363
;;0.1359;0;18.3;;;;;;2.931363
;;0.1359;0;18.3;;;;;;2.931363
;;0.1359;0;18.3;;;;;;2.931363
;;0.1359;0;18.3;;;;;;2.931363
;;0.1359;0;18.3;;;;;;2.931363
;;0.1359;0;18.3;;;;;;2.931363
;;0.1359;0;18.3;;;;;;2.931363
;;0.1359;0;18.3;;;;;;2.931363
;;0.1359;0;18.3;;;;;;2.931363
;;0.1359;0;18.3;;;;;;2.931363
;;0.1359;0;18.3;;;;;;2.931363
;;0.1359;0;18.3;;;;;;2.931363
;;0.1359;0;18.3;;;;;;2.931363
;;0.1359;0;18.3;;;;;;2.931363
;;0.1359;0;18.3;;;;;;2.931363
;;0.1359;0;18.3;;;;;;2.931363
;;0.1359;0;18.3;;;;;;2.931363
;;0.1359;0;18.3;;;;;;2.931363
;;0.1359;0;18.3;;;;;;2.931363
;;0.1359;0;18.3;;;;;;2.931363
;;0.1359;0;18.3;;;;;;2.931363
;;0.1361;0;18.3;;;;;;2.935677
;;0.1359;0;18.3;;;;;;2.931363
;;0.1359;0;18.3;;;;;;2.931363
;;0.1359;0;18.3;;;;;;2.931363
;;0.1359;0;18.3;;;;;;2.931363
;;0.1359;0;18.3;;;;;;2.931363
;;0.1359;0;18.3;;;;;;2.931363
;;0.1359;0;18.3;;;;;;2.931363
;;0.1359;0;18.3;;;;;;2.931363
;;0.1359;0;18.3;;;;;;2.931363
;;0.1359;0;18.3;;;;;;2.931363
;;0.1359;0;18.3;;;;;;2.931363
;;0.1359;0;18.3;;;;;;2.931363
;;0.1359;0;18.3;;;;;;2.931363
;;0.1359;0;18.3;;;;;;2.931363
;;0.1359;0;18.3;;;;;;2.931363
;;0.1359;0;18.3;;;;;;2.931363
;;0.1359;0;18.3;;;;;;2.931363
;;0.1359;0;18.3;;;;;;2.931363
;;0.1359;0;18.3;;;;;;2.931363
;;0.1359;0;18.3;;;;;;2.931363
;;0.1359;0;18.3;;;;;;2.931363
;;0.1359;0;18.3;;;;;;2.931363
;;0.1359;0;18.3;;;;;;2.931363
;;0.1359;0;18.3;;;;;;2.931363
;;0.1359;0;18.3;;;;;;2.931363
;;0.1359;0;18.3;;;;;;2.931363
;;0.1359;0;18.3;;;;;;2.931363
;;0.1359;0;18.3;;;;;;2.931363
;;0.2763;0;18.3;;;;;;5.959791
;;0.2763;0;18.3;;;;;;5.959791
;;0.2763;0;18.3;;;;;;5.959791
;;0.2763;0;18.3;;;;;;5.959791
;;0.2763;0;18.3;;;;;;5.959791
;;0.2763;0;18.3;;;;;;5.959791
;;0.2763;0;18.3;;;;;;5.959791
;;0.2763;0;18.3;;;;;;5.959791
;;0.2763;0;18.3;;;;;;5.959791
;;0.2763;0;18.3;;;;;;5.959791
;;0.2763;0;18.3;;;;;;5.959791
;;0.2763;0;18.3;;;;;;5.959791
;;0.2763;0;18.3;;;;;;5.959791
;;0.2763;0;18.3;;;;;;5.959791
;;0.2763;0;18.3;;;;;;5.959791
;;0.2763;0;18.3;;;;;;5.959791
;;0.2763;0;18.3;;;;;;5.959791
;;0.2763;0;18.3;;;;;;5.959791
;;0.2763;0;18.3;;;;;;5.959791
;;0.2763;0;18.3;;;;;;5.959791
;;0.2763;0;18.3;;;;;;5.959791
;;0.2763;0;18.3;;;;;;5.959791
;;0.2763;0;18.3;;;;;;5.959791
;;0.2763;0;18.3;;;;;;5.959791
;;0.2763;0;18.3;;;;;;5.959791
;;0.2763;0;18.3;;;;;;5.959791
;;0.2763;0;18.3;;;;;;5.959791
;;0.2763;0;18.3;;;;;;5.959791
;;0.2763;0;18.3;;;;;;5.959791
;;0.2763;0;18.3;;;;;;5.959791
;;0.27635;0;18.3;;;;;;5.9608695
;;0.2763;0;18.3;;;;;;5.959791
;;0.2763;0;18.3;;;;;;5.959791
;;0.2763;0;18.3;;;;;;5.959791
;;0.2763;0;18.3;;;;;;5.959791
;;0.2763;0;18.3;;;;;;5.959791
;;0.2763;0;18.3;;;;;;5.959791
;;0.2763;0;18.3;;;;;;5.959791
;;0.2763;0;18.3;;;;;;5.959791
;;0.2763;0;18.3;;;;;;5.959791
;;0.2763;0;18.3;;;;;;5.959791
;;0.2763;0;18.3;;;;;;5.959791
;;0.2763;0;18.3;;;;;;5.959791
;;0.2763;0;18.3;;;;;;5.959791
;;0.2763;0;18.3;;;;;;5.959791
;;0.2763;0;18.3;;;;;;5.959791
;;0.2763;0;18.3;;;;;;5.959791
;;0.35;0;18.3;;;;;;7.5495
;;0.35;0;18.3;;;;;;7.5495
;;0.35;0;18.3;;;;;;7.5495
;;0.35;0;18.3;;;;;;7.5495
;;0.35;0;18.3;;;;;;7.5495
;;0.35;0;18.3;;;;;;7.5495
;;0.35;0;18.3;;;;;;7.5495
;;0.35;0;18.3;;;;;;7.5495
;;0.35;0;18.3;;;;;;7.5495
;;0.35;0;18.3;;;;;;7.5495
;;0.35;0;18.3;;;;;;7.5495
;;0.35;0;18.3;;;;;;7.5495
;;0.35;0;18.3;;;;;;7.5495
;;0.35;0;18.3;;;;;;7.5495
;;0.35;0;18.3;;;;;;7.5495
;;0.35;0;18.3;;;;;;7.5495
;;0.35;0;18.3;;;;;;7.5495
;;0.35;0;18.3;;;;;;7.5495
;;0.35;0;18.3;;;;;;7.5495
;;0.35;0;18.3;;;;;;7.5495
;;0.35;0;18.3;;;;;;7.5495
;;0.35;0;18.3;;;;;;7.5495
;;0.35;0;18.3;;;;;;7.5495
;;0.35;0;18.3;;;;;;7.5495
;;0.35;0;18.3;;;;;;7.5495
;;0.35;0;18.3;;;;;;7.5495
;;0.35;0;18.3;;;;;;7.5495
;;0.35;0;18.3;;;;;;7.5495
;;0.35;0;18.3;;;;;;7.5495
;;0.35;0;18.3;;;;;;7.5495
;;0.35;0;18.3;;;;;;7.5495
;;0.35;1;18.4;;;;;;7.5495
;;0.35;2;18.5;;;;;;7.5495
;;0.35;3;18.6;;;;;;7.5495
;;0.35;4;18.7;;;;;;7.5495
;;0.35;5;18.8;;;;;;7.5495
;;0.35;6;18.9;;;;;;7.5495
;;0.35;7;18.1;;;;;;7.5495
;;0.35;8;18.11;;;;;;7.5495
;;0.35;9;18.12;;;;;;7.5495
;;0.35;10;18.13;;;;;;7.5495
;;0.35;11;18.14;;;;;;7.5495
;;0.35;12;18.15;;;;;;7.5495
;;0.35;13;18.16;;;;;;7.5495
;;0.35;14;18.17;;;;;;7.5495
;;0.35;15;18.18;;;;;;7.5495
;;0.35;16;18.19;;;;;;7.5495
;;0.35;17;18.2;;;;;;7.5495
;;0.35;18;18.21;;;;;;7.5495
;;0.35;19;18.22;;;;;;7.5495
;;0.35;20;18.23;;;;;;7.5495
;;0.35;21;18.24;;;;;;7.5495
;;0.35;22;18.25;;;;;;7.5495
;;0.35;23;18.26;;;;;;7.5495
;;0.35;24;18.27;;;;;;7.5495
;;0.35;25;18.28;;;;;;7.5495
;;0.35;26;18.29;;;;;;7.5495
;;0.35;27;18.3;;;;;;7.5495
;;0.35;28;18.31;;;;;;7.5495
;;0.35;29;18.32;;;;;;7.5495
;;0.35;30;18.33;;;;;;7.5495
;;0.35;31;18.34;;;;;;7.5495
;;0.35;32;18.35;;;;;;7.5495
;;0.35;33;18.36;;;;;;7.5495
;;0.0154;34;18.37;;;;;;0.332178
;;0.0154;35;18.38;;;;;;0.332178
;;0.0154;36;18.39;;;;;;0.332178
;;0.0154;37;18.4;;;;;;0.332178
;;0.0154;38;18.41;;;;;;0.332178
;;0.0154;39;18.42;;;;;;0.332178
;;0.0154;40;18.43;;;;;;0.332178
;;0.0154;41;18.44;;;;;;0.332178
;;0.0154;42;18.45;;;;;;0.332178
;;0.0154;43;18.46;;;;;;0.332178
;;0.0154;44;18.47;;;;;;0.332178
;;0.0154;45;18.48;;;;;;0.332178
;;0.0154;46;18.49;;;;;;0.332178
;;0.0154;47;18.5;;;;;;0.332178
;;0.0154;48;18.51;;;;;;0.332178
;;0.0154;49;18.52;;;;;;0.332178
;;0.0154;50;18.53;;;;;;0.332178
;;0.0154;51;18.54;;;;;;0.332178
;;0.0154;52;18.55;;;;;;0.332178
;;0.0154;53;18.56;;;;;;0.332178
;;0.0154;54;18.57;;;;;;0.332178
;;0.0154;55;18.58;;;;;;0.332178
;;0.0154;56;18.59;;;;;;0.332178
;;0.0154;57;18.6;;;;;;0.332178
;;0.0154;58;18.61;;;;;;0.332178
;;0.0154;59;18.62;;;;;;0.332178
;;0.0154;60;18.63;;;;;;0.332178
;;0.0154;61;18.64;;;;;;0.332178
;;0.0154;62;18.65;;;;;;0.332178
;;0.0154;63;18.66;;;;;;0.332178
;;0.0154;64;18.67;;;;;;0.332178
;;0.0154;65;18.68;;;;;;0.332178
;;0.0154;66;18.69;;;;;;0.332178
;;0.0154;67;18.7;;;;;;0.332178
;;0.0154;68;18.71;;;;;;0.332178
;;0.0154;69;18.72;;;;;;0.332178
;;0.0154;70;18.73;;;;;;0.332178
;;0.0154;71;18.74;;;;;;0.332178
;;0.0154;72;18.75;;;;;;0.332178
;;0.0154;73;18.76;;;;;;0.332178
;;0.0154;74;18.77;;;;;;0.332178
;;0.0154;75;18.78;;;;;;0.332178
;;0.0154;76;18.79;;;;;;0.332178
;;0.0154;77;18.8;;;;;;0.332178
;;0.0154;78;18.81;;;;;;0.332178
;;0.0154;79;18.82;;;;;;0.332178
;;0.0154;80;18.83;;;;;;0.332178
;;0.0154;81;18.84;;;;;;0.332178
;;0.0154;82;18.85;;;;;;0.332178
;;0.0154;83;18.86;;;;;;0.332178
;;0.0154;84;18.87;;;;;;0.332178
;;0.0154;85;18.88;;;;;;0.332178
;;0.0154;86;18.89;;;;;;0.332178
;;0.0154;87;18.9;;;;;;0.332178
;;0.0154;88;18.91;;;;;;0.332178
;;0.0154;89;18.92;;;;;;0.332178
;;0.0154;90;18.93;;;;;;0.332178
;;0.0154;91;18.94;;;;;;0.332178
;;0.0154;92;18.95;;;;;;0.332178
;;0.0154;93;18.96;;;;;;0.332178
;;0.0154;94;18.97;;;;;;0.332178
;;0.0154;95;18.98;;;;;;0.332178
;;0.0154;96;18.99;;;;;;0.332178
;;0.0154;97;18.1;;;;;;0.332178
;;0.0154;98;18.101;;;;;;0.332178
;;0.0154;99;18.102;;;;;;0.332178
;;0.0154;100;18.103;;;;;;0.332178
;;0.0154;101;18.104;;;;;;0.332178
;;0.0154;102;18.105;;;;;;0.332178
;;0.0154;103;18.106;;;;;;0.332178
;;0.0154;104;18.107;;;;;;0.332178
;;0.0154;105;18.108;;;;;;0.332178
;;0.0154;106;18.109;;;;;;0.332178
;;0.0154;107;18.11;;;;;;0.332178
;;0.0154;108;18.111;;;;;;0.332178
;;0.0154;109;18.112;;;;;;0.332178
;;0.0154;110;18.113;;;;;;0.332178
;;0.0154;111;18.114;;;;;;0.332178
;;0.0154;112;18.115;;;;;;0.332178
;;0.0154;113;18.116;;;;;;0.332178
;;0.0154;114;18.117;;;;;;0.332178
;;0.0154;115;18.118;;;;;;0.332178
;;0.0154;116;18.119;;;;;;0.332178
;;0.0154;117;18.12;;;;;;0.332178
;;0.0154;118;18.121;;;;;;0.332178
;;0.0154;119;18.122;;;;;;0.332178
;;0.0154;120;18.123;;;;;;0.332178
;;0.0154;121;18.124;;;;;;0.332178
;;0.0154;122;18.125;;;;;;0.332178
;;0.0154;123;18.126;;;;;;0.332178
;;0.0154;124;18.127;;;;;;0.332178
;;0.0154;125;18.128;;;;;;0.332178
;;0.0154;126;18.129;;;;;;0.332178
;;0.0154;127;18.13;;;;;;0.332178
;;0.0154;128;18.131;;;;;;0.332178
;;0.0154;129;18.132;;;;;;0.332178
;;0.0154;130;18.133;;;;;;0.332178
;;0.0154;131;18.134;;;;;;0.332178
;;0.0154;132;18.135;;;;;;0.332178
;;0.0154;133;18.136;;;;;;0.332178
;;0.0154;134;18.137;;;;;;0.332178
;;0.0154;135;18.138;;;;;;0.332178
;;0.0154;136;18.139;;;;;;0.332178
;;0.0154;137;18.14;;;;;;0.332178
;;0.0154;138;18.141;;;;;;0.332178
;;0.0154;139;18.142;;;;;;0.332178
;;0.0154;140;18.143;;;;;;0.332178
;;0.0154;141;18.144;;;;;;0.332178
;;0.0154;142;18.145;;;;;;0.332178
;;0.0154;143;18.146;;;;;;0.332178
;;0.0154;144;18.147;;;;;;0.332178
;;0.0154;145;18.148;;;;;;0.332178
;;0.0154;146;18.149;;;;;;0.332178
;;0.0154;147;18.15;;;;;;0.332178
;;0.0154;148;18.151;;;;;;0.332178
;;0.0154;149;18.152;;;;;;0.332178
;;0.0154;150;18.153;;;;;;0.332178
;;0.0154;151;18.154;;;;;;0.332178
;;0.0154;152;18.155;;;;;;0.332178
;;0.0154;153;18.156;;;;;;0.332178
;;0.0154;154;18.157;;;;;;0.332178
;;0.0154;155;18.158;;;;;;0.332178
;;0.0154;156;18.159;;;;;;0.332178
;;0.0154;157;18.16;;;;;;0.332178
;;0.0154;158;18.161;;;;;;0.332178
;;0.0154;159;18.162;;;;;;0.332178
;;0.0154;160;18.163;;;;;;0.332178
;;0.0154;161;18.164;;;;;;0.332178
;;0.0154;162;18.165;;;;;;0.332178
;;0.0154;163;18.166;;;;;;0.332178
;;0.0154;164;18.167;;;;;;0.332178
;;0.0154;165;18.168;;;;;;0.332178
;;0.0154;166;18.169;;;;;;0.332178
;;0.0154;167;18.17;;;;;;0.332178
;;0.0154;168;18.171;;;;;;0.332178
;;0.0154;169;18.172;;;;;;0.332178
;;0.0154;170;18.173;;;;;;0.332178
;;0.0154;171;18.174;;;;;;0.332178
;;0.0154;172;18.175;;;;;;0.332178
;;0.0154;173;18.176;;;;;;0.332178
;;0.0154;174;18.177;;;;;;0.332178
;;0.0154;175;18.178;;;;;;0.332178
;;0.0154;176;18.179;;;;;;0.332178
;;0.0154;177;18.18;;;;;;0.332178
;;0.0154;178;18.181;;;;;;0.332178
;;0.0154;179;18.182;;;;;;0.332178
;;0.0154;180;18.183;;;;;;0.332178
;;0.0154;181;18.184;;;;;;0.332178
;;0.0154;182;18.185;;;;;;0.332178
;;0.0154;183;18.186;;;;;;0.332178
;;0.0154;184;18.187;;;;;;0.332178
;;0.0154;185;18.188;;;;;;0.332178
;;0.0154;186;18.189;;;;;;0.332178
;;0.0154;187;18.19;;;;;;0.332178
;;0.0154;188;18.191;;;;;;0.332178
;;0.0154;189;18.192;;;;;;0.332178
;;0.0154;190;18.193;;;;;;0.332178
;;0.0154;191;18.194;;;;;;0.332178
;;0.0154;192;18.195;;;;;;0.332178
;;0.0154;193;18.196;;;;;;0.332178
;;0.0154;194;18.197;;;;;;0.332178
;;0.0154;195;18.198;;;;;;0.332178
;;0.0154;196;18.199;;;;;;0.332178
;;0.0154;197;18.2;;;;;;0.332178
;;0.0154;198;18.201;;;;;;0.332178
;;0.0154;199;18.202;;;;;;0.332178
;;0.0154;200;18.203;;;;;;0.332178
;;0.0154;201;18.204;;;;;;0.332178
;;0.0154;202;18.205;;;;;;0.332178
;;0.0154;203;18.206;;;;;;0.332178
;;0.0154;204;18.207;;;;;;0.332178
;;0.0154;205;18.208;;;;;;0.332178
;;0.0154;206;18.209;;;;;;0.332178
;;0.0154;207;18.21;;;;;;0.332178
;;0.0154;208;18.211;;;;;;0.332178
;;0.0154;209;18.212;;;;;;0.332178
;;0.0154;210;18.213;;;;;;0.332178
;;0.0154;211;18.214;;;;;;0.332178
;;0.0154;212;18.215;;;;;;0.332178
